{
	"description": "项目配置文件。",
	"setting": {
		"urlCheck": true,
		"es6": true,
		"postcss": true,
		"minified": true,
		"newFeature": true
	},
	"compileType": "miniprogram",
	"libVersion": "1.9.94",
	"appid": "touristappid",
	"projectname": "%E5%8C%BB%E6%A1%88%E5%88%86%E6%9E%90",
	"condition": {
		"search": {
			"current": -1,
			"list": []
		},
		"conversation": {
			"current": -1,
			"list": []
		},
		"plugin": {
			"current": -1,
			"list": []
		},
		"game": {
			"currentL": -1,
			"list": []
		},
		"miniprogram": {
			"current": 2,
			"list": [
				{
					"id": -1,
					"name": "帮助中心",
					"pathName": "pages/guanyu/guanyu",
					"query": ""
				},
				{
					"id": -1,
					"name": "中药",
					"pathName": "pages/zhongyao/zhongyao",
					"query": ""
				},
				{
					"id": -1,
					"name": "zhongyao-detail",
					"pathName": "pages/zhongyao/zhongyao-detail/zhongyao-detail"
				}
			]
		}
	}
}